timeStamp,hash,from,contractAddress,to,tokenName,tokenSymbol,value,dextools_price,dextools_price5m,dextools_variation5m,dextools_price1h,dextools_variation1h,dextools_price6h,dextools_variation6h,dextools_price24h,dextools_variation24h,dextools_circulatingSupply,dextools_totalSupply,dextools_mcap,dextools_fdv,dextools_holders,transaction_value_usd,market_cap_millions
2024-11-26 15:45:04,0x2588fe5c4b5dfe101a6463f6cd0789547af6260fa574e2918e87f7faaab646c5,0xedc6bacdc1e29d7c5fa6f6eca6fdd447b9c487c9,0x6982508145454ce325ddbe47a25d4ec3d2311933,0xb2170202b050f0549b9d9733f8258bc917346f98,Pepe,PEPE,55000000000000000000000000000,1.9835198763558773e-05,1.9825611682170505e-05,0.048357052190661776,1.96780829891382e-05,0.7984302866661297,1.93638249854875e-05,2.434300962875624,2.0345506016798283e-05,-2.508206248682998,413772823122434.7,413772823122434.7,8210846840.939129,8210846840.939129,339015.0,1.0909359319957326e+24,8210.846840939128
2024-11-26 16:06:24,0xdd0b0b1cbd63fa9d3125cfbbc7e17bb673551fbfb10d2defb7a64c993ff920bc,0xedc6bacdc1e29d7c5fa6f6eca6fdd447b9c487c9,0x4e15361fd6b4bb609fa63c81a2be19d873717870,0xab782bc7d4a2b306825de5a7730034f8f63ee1bc,Fantom Token,FTM,477980010000000000000000,1.25331413974487,0.0,0.0,1.2534394711588446,-0.009999000100002764,1.228743797332166,1.9996310431882325,1.1810387222824221,6.11964841616468,0.0,2138153684.4873993,0.0,2679778245.715649,116771.0,5.990591050483944e+23,0.0
2024-11-26 16:08:32,0xf62d583beec60bfd53f81318e865fb9653cd8d81e417a557d41dccfb33208e90,0xedc6bacdc1e29d7c5fa6f6eca6fdd447b9c487c9,0x4cc19356f2d37338b9802aa8e8fc58b0373296e7,0xab782bc7d4a2b306825de5a7730034f8f63ee1bc,SelfKey,KEY,40000000000000000000000000,0.003702239323524265,0.0,0.0,0.0,0.0,0.0,0.0,0.0,0.0,5999999954.464072,5999999954.464072,22213435.77256069,22213435.77256069,19501.0,1.4808957294097061e+23,22.21343577256069
2024-11-26 16:12:48,0x72eeb9b729ea5ddfef5ae98d8e1a7f5358637d15d2c6752de3f0ddddc810600c,0xedc6bacdc1e29d7c5fa6f6eca6fdd447b9c487c9,0x57e114b691db790c35207b2e685d4a43181e6061,0xab782bc7d4a2b306825de5a7730034f8f63ee1bc,Ethena,ENA,70000000000000000000000,0.8074398935544722,0.8074398935544722,0.0,0.7998858956585138,0.9443844349498853,0.7930367131058804,1.8162060104610633,0.8165335953603368,-1.1136959774265653,1479139274.0,14999999997.368906,1191572424.5846903,12083775125.042902,48304.0,5.652079254881306e+22,1191.5724245846902
2024-11-26 16:14:56,0xd77379487d65e5bc9c4f2cb45f45ee7c931d794cacfd5278cf8a41fe5ef82e85,0xedc6bacdc1e29d7c5fa6f6eca6fdd447b9c487c9,0x455e53cbb86018ac2b8092fdcd39d8444affc3f6,0x4fca851027b52ddcc7bbfad327a31287a00026e7,Polygon Ecosystem Token,POL,857565266927066754414145,0.690642356860922,0.690642356860922,0.0,0.6869288182846174,0.5406002015722722,0.6745977152224096,2.378401420055587,0.6338228584844284,8.964570718127462,62242397.94040099,10312906621.168447,42968883.00188481,7119489169.402901,28277.0,5.922708971125751e+23,42.96888300188481
2024-11-26 16:19:12,0xf54c2413760f8a77c2e9bda2caf6220ef7bca4aa0449a593d2f5495e5d4e3bab,0xedc6bacdc1e29d7c5fa6f6eca6fdd447b9c487c9,0xbf2179859fc6d5bee9bf9158632dc51678a4100e,0xab782bc7d4a2b306825de5a7730034f8f63ee1bc,ELF,ELF,110000000000000000000000,0.5527566142209815,0.5911988988895733,-6.502428326709753,0.5377250731007073,2.795395244189991,0.5451337763387882,1.3983426111274122,0.5569684257914446,-0.7562029327745301,732639776.03419,879999999.9864658,403083855.2361319,484158524.01902246,50876.0,6.080322756430797e+22,403.0838552361319
2024-11-26 16:27:44,0x607bff1f9f01e58b5947746dcc64d7be372fdfcfb4974e564339b8e8f357aa2a,0xedc6bacdc1e29d7c5fa6f6eca6fdd447b9c487c9,0xcf0c122c6b73ff809c693db761e7baebe62b6a2e,0xab782bc7d4a2b306825de5a7730034f8f63ee1bc,FLOKI,FLOKI,3000000000000000000,0.00022053925936390623,0.0,0.0,0.00021793807058702303,1.1935449230493944,0.0002164935290030769,1.8687534816672624,0.0002226903225605397,-0.965943724855256,5549952499869.45,5549952499869.45,1222708704.7516553,1222708704.7516553,85494.0,661617778091718.8,1222.7087047516554
2024-11-26 16:46:56,0xc4043cbdeb5b6339d1a186f9a641b88db77ef9ec287bcdcd0a6a8e5523106dc0,0xedc6bacdc1e29d7c5fa6f6eca6fdd447b9c487c9,0xcc8fa225d80b9c7d42f96e9570156c65d6caaa25,0xab782bc7d4a2b306825de5a7730034f8f63ee1bc,Smooth Love Potion,SLP,25000000,0.0045352210853079646,0.0,0.0,0.004473031800807253,1.3903161718968438,0.00452957016291759,0.12475626134764717,0.004428840680549965,2.4019921336341454,8396588339.0,8396588339.0,38080384.47968378,38080384.47968378,63465.0,113380.52713269912,38.08038447968378
2024-11-26 17:21:04,0xcc85f502f4c39e1a54fe90d6b523e9b0f7179ae3cec476ee151d6047d1e9731f,0xedc6bacdc1e29d7c5fa6f6eca6fdd447b9c487c9,0xa62cc35625b0c8dc1faea39d33625bb4c15bd71c,0xab782bc7d4a2b306825de5a7730034f8f63ee1bc,StormX,STMX,9000000000000000000000000,0.007861679077047897,0.0,0.0,0.0,0.0,0.008184958919361109,-3.9496819165275143,0.0077392206522540865,1.5823095153404632,12315847710.636114,12499999999.999998,96823242.26281619,98270988.4630987,11889.0,7.075511169343108e+22,96.8232422628162
2024-11-26 21:13:36,0x573d9043a6168517e85f9d8046171762eaa8a6c20f0f18ecce9e5aa69905617f,0xedc6bacdc1e29d7c5fa6f6eca6fdd447b9c487c9,0x80c62fe4487e1351b47ba49809ebd60ed085bf52,0xab782bc7d4a2b306825de5a7730034f8f63ee1bc,Clover,CLV,4500000000000000000000000,0.0728778728677512,0.0,0.0,0.0,0.0,0.0,0.0,0.07424543573074154,-1.8419487333200313,120000000.0,999999995.2225775,8745344.744130144,72877872.51958281,17613.0,3.2795042790488044e+23,8.745344744130144
2024-11-26 21:15:44,0xd67d1860d9fe08a585fc307edd9d422a68cffb028550dca0a86230dbf632385a,0xedc6bacdc1e29d7c5fa6f6eca6fdd447b9c487c9,0x7420b4b9a0110cdc71fb720908340c03f9bc03ec,0xab782bc7d4a2b306825de5a7730034f8f63ee1bc,JasmyCoin,JASMY,10000000000000000000000000,0.040854534023496814,0.04079330122013382,0.15010504551362658,0.041742372175677916,-2.1269470466233398,0.0366613556891956,11.437597588724667,0.029884305445875524,36.708996290677874,49394999677.16958,49999999684.99999,2031371937.685589,2056252594.5585215,78612.0,4.0854534023496816e+23,2031.371937685589
2024-11-26 21:26:24,0x997a49ab9ad95f19315bf783023606469e801a2daa1f5257fee2c72273429e00,0xedc6bacdc1e29d7c5fa6f6eca6fdd447b9c487c9,0x467719ad09025fcc6cf6f8311755809d45a5e5f3,0xab782bc7d4a2b306825de5a7730034f8f63ee1bc,Axelar,AXL,170000000000,1.0813346770806973,0.0,0.0,1.0703616694855014,1.0251682125790529,1.0259291810877265,5.400518575193258,1.0094438443494989,7.1218258582304905,862002601.7210721,1150055872.50092,932113304.9747764,1243595295.515542,8203.0,183826895103.71854,932.1133049747764
2024-11-27 04:50:08,0xc566acebc650f072cb91c683459c39282fc155795f86488955597933b9b47e25,0x12099b7b787d247cca2055bccaf00e6448084216,0x53dac5b23b3ca9a3c86aff8d0c7110fba72a9783,0xedc6bacdc1e29d7c5fa6f6eca6fdd447b9c487c9,Peanuts Brother,Wally,69767800000000000000,0.0005731977407980091,0.0,0.0,0.0,0.0,0.0,0.0,0.0,0.0,0.0,1000000000.0,0.0,573197.7407980091,72.0,3.9990745340447336e+16,0.0
2024-11-27 04:56:32,0xc5d82b103e54e897058c9396e1295e795b5cd2865c66213e66c4f770b84e1842,0x12099b7b787d247cca2055bccaf00e6448084216,0x53dac5b23b3ca9a3c86aff8d0c7110fba72a9783,0xedc6bacdc1e29d7c5fa6f6eca6fdd447b9c487c9,Peanuts Brother,Wally,99987800000000000000,0.0005731977407980091,0.0,0.0,0.0,0.0,0.0,0.0,0.0,0.0,0.0,1000000000.0,0.0,573197.7407980091,72.0,5.7312781067363176e+16,0.0
2024-11-27 08:53:20,0x5e203220e3519a432db1a62d4d801b46ce8d4f47d7de3c5cdad45790bd947057,0xedc6bacdc1e29d7c5fa6f6eca6fdd447b9c487c9,0xe41d2489571d322189246dafa5ebde1f4699f498,0xab782bc7d4a2b306825de5a7730034f8f63ee1bc,ZRX,ZRX,140000000000000000000000,0.6371980108396617,0.0,0.0,0.6266456887864512,1.683937549087089,0.6077009036573613,4.853885686984549,0.602557593172503,5.748897376726214,848396562.8973439,999992148.3160894,540596602.2813934,637193007.762292,191248.0,8.920772151755264e+22,540.5966022813934
2024-11-27 09:21:04,0x4c9b9ee380f4f693f26d04739fb0f5bfee901d5f4634e5eb66e70a76806c7ca4,0x0431e3b8bd78ef3aa3527d2d8bbcf089012f0cdf,0x467719ad09025fcc6cf6f8311755809d45a5e5f3,0xedc6bacdc1e29d7c5fa6f6eca6fdd447b9c487c9,Axelar,AXL,300000000000,1.0813346770806973,0.0,0.0,1.0703616694855014,1.0251682125790529,1.0259291810877265,5.400518575193258,1.0094438443494989,7.1218258582304905,862002601.7210721,1150055872.50092,932113304.9747764,1243595295.515542,8203.0,324400403124.20917,932.1133049747764
2024-11-27 10:37:52,0x684a34f81bf839dafac50a2c98f9f8ae8090d1face889fe8e3b3eb194f1590a8,0xb2170202b050f0549b9d9733f8258bc917346f98,0x6982508145454ce325ddbe47a25d4ec3d2311933,0xedc6bacdc1e29d7c5fa6f6eca6fdd447b9c487c9,Pepe,PEPE,25072237650190000000000000000,1.9835198763558773e-05,1.9825611682170505e-05,0.048357052190661776,1.96780829891382e-05,0.7984302866661297,1.93638249854875e-05,2.434300962875624,2.0345506016798283e-05,-2.508206248682998,413772823122434.7,413772823122434.7,8210846840.939129,8210846840.939129,339015.0,4.973128172387004e+23,8210.846840939128
2024-11-27 11:46:08,0xf66414f2ee54058c702cdad74ce8189289ef0fad296c75a297c7123e652551af,0xedc6bacdc1e29d7c5fa6f6eca6fdd447b9c487c9,0x441761326490cacf7af299725b6292597ee822c2,0xab782bc7d4a2b306825de5a7730034f8f63ee1bc,UNFI,UNFI,2347414010000000000000000,1.2161890117690908,0.0,0.0,0.0,0.0,0.0,0.0,1.6713318701637336,-27.23234484543482,8629040.51706566,9999999.994250977,10494544.258965528,12161890.11069901,4876.0,2.854899125034819e+24,10.494544258965528
2024-11-27 12:16:00,0x8343aa7a1a02fe24a97055c8e19ab4df35d627b430519c1cd2616d44d42aa8e4,0xedc6bacdc1e29d7c5fa6f6eca6fdd447b9c487c9,0xd533a949740bb3306d119cc777fa900ba034cd52,0xab782bc7d4a2b306825de5a7730034f8f63ee1bc,Curve DAO Token,CRV,900000000000000000000000,0.8696274550445978,0.8696274550445978,0.0,0.8524085300571277,2.0200319893931784,0.9007818851652303,-3.4585986500958343,0.7390555163981788,17.667405999858765,1244981340.0,2198849808.520282,1072219345.6365875,1893722602.175509,88491.0,7.82664709540138e+23,1072.2193456365876
2024-11-27 15:13:04,0x28a7893f6d950ff61d48626ce95eadd37dd1d8c1cfc27b30f899bc06d72e5688,0xedc6bacdc1e29d7c5fa6f6eca6fdd447b9c487c9,0x8ab7404063ec4dbcfd4598215992dc3f8ec853d7,0xab782bc7d4a2b306825de5a7730034f8f63ee1bc,Akropolis,AKRO,25000000000000000000000000,0.005506971124332519,0.00564560969551293,-2.4556882012335857,0.005795364794015405,-4.976281561787044,0.005136727169575692,7.207779244140977,0.004812892775334658,14.421230253765627,6132293995.0,14999999964.513071,33846395.51002203,82790540.02681191,17201.0,1.37674278108313e+23,33.84639551002203
2024-11-27 15:17:20,0xa08d03473f62184af37667474ba481c19e9bc8fbdd7e88209ac465d12e2bb311,0xedc6bacdc1e29d7c5fa6f6eca6fdd447b9c487c9,0x4d224452801aced8b2f0aebe155379bb5d594381,0xab782bc7d4a2b306825de5a7730034f8f63ee1bc,ApeCoin,APE,68952570000000000000000,1.7901036635459358,1.7770841368545671,0.7326342304992517,1.7029738147446052,5.116335204155642,1.5571862399447618,14.957582954845282,1.5643654371896103,14.43001877885164,752651515.0,999998437.2271359,1316164397.0919545,1748700844.940105,170166.0,1.2343224816790759e+23,1316.1643970919545
2024-11-27 15:19:28,0x97209375ab74b110229d303b6c2fe907830abeaa3274ef89fff6f2242cbdac8b,0xab782bc7d4a2b306825de5a7730034f8f63ee1bc,0x8de5b80a0c1b02fe4976851d030b36122dbb8624,0xedc6bacdc1e29d7c5fa6f6eca6fdd447b9c487c9,VANRY,VANRY,2263047290000000000000000,0.1639345450663294,0.1639345450663294,0.0,0.16207353317476225,1.1482515714397623,0.1583130501330463,3.5508727351022396,0.15898977540978132,3.110118020988084,1532751040.0,1532751040.0,248834473.62473914,248834473.62473914,7035.0,3.7099162794973965e+23,248.83447362473913
2024-11-27 15:34:24,0x4085695bbe92b0eba611d5aefe445c2df252935864a5961cc0f362787777c931,0xedc6bacdc1e29d7c5fa6f6eca6fdd447b9c487c9,0xd533a949740bb3306d119cc777fa900ba034cd52,0xab782bc7d4a2b306825de5a7730034f8f63ee1bc,Curve DAO Token,CRV,900000000000000000000000,0.8696274550445978,0.8696274550445978,0.0,0.8524085300571277,2.0200319893931784,0.9007818851652303,-3.4585986500958343,0.7390555163981788,17.667405999858765,1244981340.0,2198849808.520282,1072219345.6365875,1893722602.175509,88491.0,7.82664709540138e+23,1072.2193456365876
2024-11-27 17:18:56,0x6920775da2c3683285b30613face8a79d53722a03d486c4ef382cdf277738c68,0xcddac15fb6d70ebad5bf69384081542e5e2701d3,0xd533a949740bb3306d119cc777fa900ba034cd52,0xedc6bacdc1e29d7c5fa6f6eca6fdd447b9c487c9,Curve DAO Token,CRV,3000000000000000000000000,0.8696274550445978,0.8696274550445978,0.0,0.8524085300571277,2.0200319893931784,0.9007818851652303,-3.4585986500958343,0.7390555163981788,17.667405999858765,1244981340.0,2198849808.520282,1072219345.6365875,1893722602.175509,88491.0,2.6088823651337935e+24,1072.2193456365876
2024-11-27 17:33:52,0x36ef371a4b2b9d93c705a14e208c5310ee2fc6848eec33ce95cd6b5bc7ec9874,0xab782bc7d4a2b306825de5a7730034f8f63ee1bc,0x3b50805453023a91a8bf641e279401a0b23fa6f9,0xedc6bacdc1e29d7c5fa6f6eca6fdd447b9c487c9,Renzo,REZ,4805697280000000000000000,0.05920460099562539,0.0,0.0,0.05920460099562539,0.0,0.05778333852497768,2.4596406281256034,0.05400106983266375,9.635977915041538,1050000000.0,10000000000.0,62164831.04540666,592046009.9562539,47617.0,2.8451938996816222e+23,62.164831045406665
2024-11-27 22:02:40,0xeabac7a4acd288fe6a7b35134fdb89567a0c1f652575a613df554a9699cdb275,0xab782bc7d4a2b306825de5a7730034f8f63ee1bc,0x10dea67478c5f8c5e2d90e5e9b26dbe60c54d800,0xedc6bacdc1e29d7c5fa6f6eca6fdd447b9c487c9,Taiko Token,TAIKO,133033370000000000000000,2.0916761836471864,0.0,0.0,2.0916761836471864,0.0,2.031282183576313,2.9731959724346613,2.184885810269198,-4.266109752002423,81621691.9105828,1000000000.0,170726149.03835425,2091676183.6471865,1173.0,2.782627316593241e+23,170.72614903835424
2024-11-27 23:34:24,0x204607d4f02dc8fd0962c7e586b6cbf4cb27e93000281681ef7df2027904000b,0xab782bc7d4a2b306825de5a7730034f8f63ee1bc,0xa35923162c49cf95e6bf26623385eb431ad920d3,0xedc6bacdc1e29d7c5fa6f6eca6fdd447b9c487c9,Turbo,TURBO,37296029610000000000000000,0.007561746269382642,0.0,0.0,0.007420920391506562,1.8976874895095142,0.007120693741854656,6.193954458896722,0.007204490926508757,4.958786769504742,68999999580.0,68999999580.0,521760489.41146886,521760489.41146886,44334.0,2.8202311276620205e+23,521.7604894114688
2024-11-27 23:55:44,0x46d146865684fa76188fd48fc8ab198242cf8f7308ca8c8e64851aa000b7bd9e,0xd335f57ca647e21d7a5a0768934c1542d4fbd3f0,0xb09b5bbcbab0fb79fcbaa67643fe0d6af65bca01,0xedc6bacdc1e29d7c5fa6f6eca6fdd447b9c487c9,Smart Money Flow,FLOW,35000000000000000000,0.00012509284579476627,0.0,0.0,0.0,0.0,0.0,0.0,0.0,0.0,0.0,10000000000.0,0.0,1250928.4579476628,65.0,4378249602816819.5,0.0
2024-11-28 08:42:40,0x52aa41886fbbae7818981bbf17e5f6010f2dd8a35d93a9f3b7c7b8adaa3ae7e9,0xedc6bacdc1e29d7c5fa6f6eca6fdd447b9c487c9,0x8ab7404063ec4dbcfd4598215992dc3f8ec853d7,0xab782bc7d4a2b306825de5a7730034f8f63ee1bc,Akropolis,AKRO,25000000000000000000000000,0.005506971124332519,0.00564560969551293,-2.4556882012335857,0.005795364794015405,-4.976281561787044,0.005136727169575692,7.207779244140977,0.004812892775334658,14.421230253765627,6132293995.0,14999999964.513071,33846395.51002203,82790540.02681191,17201.0,1.37674278108313e+23,33.84639551002203
2024-11-28 10:37:52,0x4d84c44e4b64e658b31ea6b891a5ede05a41c166fce43214c9872bf137eed71c,0xb2170202b050f0549b9d9733f8258bc917346f98,0x6982508145454ce325ddbe47a25d4ec3d2311933,0xedc6bacdc1e29d7c5fa6f6eca6fdd447b9c487c9,Pepe,PEPE,42497583585600000000000000000,1.9835198763558773e-05,1.9825611682170505e-05,0.048357052190661776,1.96780829891382e-05,0.7984302866661297,1.93638249854875e-05,2.434300962875624,2.0345506016798283e-05,-2.508206248682998,413772823122434.7,413772823122434.7,8210846840.939129,8210846840.939129,339015.0,8.429480173913287e+23,8210.846840939128
2024-11-28 15:08:48,0x582629f26b088a43c651dc9a88aae9f5befb119dc6c6606dcbb197c3c8bd7276,0xedc6bacdc1e29d7c5fa6f6eca6fdd447b9c487c9,0x80c62fe4487e1351b47ba49809ebd60ed085bf52,0xab782bc7d4a2b306825de5a7730034f8f63ee1bc,Clover,CLV,3800000000000000000000000,0.0728778728677512,0.0,0.0,0.0,0.0,0.0,0.0,0.07424543573074154,-1.8419487333200313,120000000.0,999999995.2225775,8745344.744130144,72877872.51958281,17613.0,2.7693591689745457e+23,8.745344744130144
2024-11-28 15:10:56,0x5ec2790bc316cad7c2c92c8058e199612553190c248ea8ef1534c23a5eb61113,0xedc6bacdc1e29d7c5fa6f6eca6fdd447b9c487c9,0xe53ec727dbdeb9e2d5456c3be40cff031ab40a55,0xab782bc7d4a2b306825de5a7730034f8f63ee1bc,SuperVerse,SUPER,240000000000000000000000,1.578161432707377,1.578161432707377,0.0,1.5378619557406712,2.6204872821173675,1.4642819531806222,7.77715516327937,1.4255263780492888,10.707276765159278,487976093.41691726,999998077.4169173,776399078.2180855,1591056602.9779115,40283.0,3.7875874384977045e+23,776.3990782180855
2024-11-28 15:38:40,0x192a53111cc2655fb30b9f87baa42338ae75db7c3264c2e004fc95e6eacbd31b,0xedc6bacdc1e29d7c5fa6f6eca6fdd447b9c487c9,0xa62cc35625b0c8dc1faea39d33625bb4c15bd71c,0xab782bc7d4a2b306825de5a7730034f8f63ee1bc,StormX,STMX,8000000000000000000000000,0.007861679077047897,0.0,0.0,0.0,0.0,0.008184958919361109,-3.9496819165275143,0.0077392206522540865,1.5823095153404632,12315847710.636114,12499999999.999998,96823242.26281619,98270988.4630987,11889.0,6.289343261638318e+22,96.8232422628162
2024-11-28 18:29:20,0x2f32f10d6bb53e0485e9f546b64ad7708126c83be29a4dd00ebdf8980286cddb,0xab782bc7d4a2b306825de5a7730034f8f63ee1bc,0xbe0ed4138121ecfc5c0e56b40517da27e6c5226b,0xedc6bacdc1e29d7c5fa6f6eca6fdd447b9c487c9,Aethir Token,ATH,14638473810000000000000000,0.07020999880149903,0.07043501938775208,-0.31947259787675764,0.06997869922443621,0.33052854600938986,0.06780205327925658,3.551434515301244,0.07173578087417448,-2.126947046623351,5217818110.0,41999999999.142685,365318728.70683384,2940575213.989939,44990.0,1.027767228655875e+24,365.31872870683384
2024-11-28 21:09:20,0x171d72aa0a454232b860c1242b6f003fc4ebddf74dc73e1ca69a9aba6f31e121,0xedc6bacdc1e29d7c5fa6f6eca6fdd447b9c487c9,0x744d70fdbe2ba4cf95131626614a1763df805b9e,0xab782bc7d4a2b306825de5a7730034f8f63ee1bc,StatusNetwork,SNT,800000000000000000000000,0.04828927313598526,0.0,0.0,0.04828927313598526,0.0,0.04714889828486113,2.4186670157896106,0.04855558250245691,-0.5484629217622383,3996914543.1674137,6804870169.878169,193008098.076203,328602234.28816533,82697.0,3.86314185087882e+22,193.008098076203
2024-11-28 22:34:40,0x12c6be5523e19522244d944733fc907838537ec030ffac8a01e910da4de8caaa,0x08e7a0635983998675f07ada3bd53fe3bf71d885,0xd3aef756e77ff56d2efcdc8bbb84674038da42ac,0xedc6bacdc1e29d7c5fa6f6eca6fdd447b9c487c9,The Lord Orian,ORIAN.,559000000000000000,0.0008821868169763302,0.0,0.0,0.0,0.0,0.0,0.0,0.0,0.0,0.0,420690000.0,0.0,371127.17203377234,66.0,493142430689768.56,0.0
2024-11-28 22:38:56,0x4adddb19f43f21e3350fcbc8bd7402b0387942fc0cc6e0f062ef88e817c53fa1,0x08e7a0635983998675f07ada3bd53fe3bf71d885,0xd3aef756e77ff56d2efcdc8bbb84674038da42ac,0xedc6bacdc1e29d7c5fa6f6eca6fdd447b9c487c9,The Lord Orian,ORIAN.,559000000000000000,0.0008821868169763302,0.0,0.0,0.0,0.0,0.0,0.0,0.0,0.0,0.0,420690000.0,0.0,371127.17203377234,66.0,493142430689768.56,0.0
2024-11-28 23:40:48,0xd63cb3c96b88755de220dc17822900f6013152969f30c4bacc8bd14d3a4bc88b,0xdd4a6592b26ff63a32f90b9e28e8d9e6bb36d3c3,0x55d0c027569318f819e81718e484862e6556766a,0xedc6bacdc1e29d7c5fa6f6eca6fdd447b9c487c9,Satoshiwifhat,SIF,50000000000000000,5.818014860387209e-05,0.0,0.0,0.0,0.0,0.0,0.0,0.0,0.0,0.0,10000000000.0,0.0,581801.4860387209,71.0,2909007430193.6045,0.0
2024-11-28 23:51:28,0xa99f479719e49d6ca7ed1d058163b49b9f2103900799ba737d6784e9fa11d3cd,0x814217be3b2ab91e47a011eee6e14c3b3fe65dad,0x37843bc944edbb0477df943d9061d359004a4e70,0xedc6bacdc1e29d7c5fa6f6eca6fdd447b9c487c9,AEROBUD,AEROBUD,810000000000000,0.00029678228997966815,0.0,0.0,0.0,0.0,0.0,0.0,0.00023298266280306494,27.383851832156125,0.0,1000000000.0,0.0,296782.28997966816,59.0,240393654883.5312,0.0
2024-11-29 01:25:20,0x94682bea2127a72d46a285a69dab91cb48eeee1060171ec53d4053d9f5c2c050,0xedc6bacdc1e29d7c5fa6f6eca6fdd447b9c487c9,0xbe0ed4138121ecfc5c0e56b40517da27e6c5226b,0xab782bc7d4a2b306825de5a7730034f8f63ee1bc,Aethir Token,ATH,13200000000000000000000000,0.07020999880149903,0.07043501938775208,-0.31947259787675764,0.06997869922443621,0.33052854600938986,0.06780205327925658,3.551434515301244,0.07173578087417448,-2.126947046623351,5217818110.0,41999999999.142685,365318728.70683384,2940575213.989939,44990.0,9.267719841797871e+23,365.31872870683384
2024-11-29 03:12:00,0x941dae03569256b432f64a88b9a4178ddca306b6f9b78a29080930e7432c6808,0x029e87052e18a259367557e1ff32880951cc7d29,0xdba22db98d9651e7d11b811476b0c7c563d7ff84,0xedc6bacdc1e29d7c5fa6f6eca6fdd447b9c487c9,Tesla AI,TESLA AI,36000000000000000000,0.012798496210507784,0.0,0.0,0.0,0.0,0.0,0.0,0.01292934699627238,-1.0120448140367833,0.0,1000000000.0,0.0,12798496.210507784,61.0,4.6074586357828026e+17,0.0
2024-11-29 05:26:24,0x36ce58a03fd6b997f5e3e119d843dce20adf419dff93a85a935e2b554c6dfcb9,0x029e87052e18a259367557e1ff32880951cc7d29,0xdba22db98d9651e7d11b811476b0c7c563d7ff84,0xedc6bacdc1e29d7c5fa6f6eca6fdd447b9c487c9,Tesla AI,TESLA AI,88699000000000000000,0.012798496210507784,0.0,0.0,0.0,0.0,0.0,0.0,0.01292934699627238,-1.0120448140367833,0.0,1000000000.0,0.0,12798496.210507784,61.0,1.13521381537583e+18,0.0
2024-11-29 07:25:52,0x0f56d87e296774745da13ee2c0ac9bc9a4a9c2de8ed39b879bb3e644890557a5,0x08e7a0635983998675f07ada3bd53fe3bf71d885,0xd3aef756e77ff56d2efcdc8bbb84674038da42ac,0xedc6bacdc1e29d7c5fa6f6eca6fdd447b9c487c9,The Lord Orian,ORIAN.,660000000000000000,0.0008821868169763302,0.0,0.0,0.0,0.0,0.0,0.0,0.0,0.0,0.0,420690000.0,0.0,371127.17203377234,66.0,582243299204377.9,0.0
2024-11-29 08:44:48,0x39a03371799ddc43c09a78b8830434d30937fc9678340b23e93fa5c6c0c992f8,0x029e87052e18a259367557e1ff32880951cc7d29,0xdba22db98d9651e7d11b811476b0c7c563d7ff84,0xedc6bacdc1e29d7c5fa6f6eca6fdd447b9c487c9,Tesla AI,TESLA AI,960000000000000000,0.012798496210507784,0.0,0.0,0.0,0.0,0.0,0.0,0.01292934699627238,-1.0120448140367833,0.0,1000000000.0,0.0,12798496.210507784,61.0,1.2286556362087472e+16,0.0
2024-11-29 09:06:08,0xb1cf90fb968a374da60b963a06fe3836ad8f16b079ebc13d58ba1746fb03f9f3,0xedc6bacdc1e29d7c5fa6f6eca6fdd447b9c487c9,0x163f8c2467924be0ae7b5347228cabf260318753,0xab782bc7d4a2b306825de5a7730034f8f63ee1bc,Worldcoin,WLD,220000000000000000000000,3.1958227061755213,0.0,0.0,3.1958227061755213,0.0,3.072976121112975,3.997642032377846,3.1438412259773387,1.653438467841939,725146175.3248092,10000000000.0,2317438612.3993607,31958227061.755215,33906.0,7.030809953586147e+23,2317.438612399361
2024-11-29 09:48:48,0x7e1907c6968592f86ceda3a3b6838cf4355896a03418031ba00d13607ac4a493,0xab782bc7d4a2b306825de5a7730034f8f63ee1bc,0xdef1ca1fb7fbcdc777520aa7f396b4e015f497ab,0xedc6bacdc1e29d7c5fa6f6eca6fdd447b9c487c9,CoW Protocol Token,COW,2000000000000000000,0.4295796281841602,0.0,0.0,0.0,0.0,0.4204511929680307,2.171104605909302,0.4054437177769861,5.952961989276639,273035133.04041266,999999857.766,117290330.93271318,429579567.08333135,4734.0,8.591592563683204e+17,117.29033093271318
2024-11-29 10:29:20,0x85fa9508162a423491a3466f2e0f9cbf0c8346f8c4aaba1ecd68a1b9c1167beb,0xab782bc7d4a2b306825de5a7730034f8f63ee1bc,0x163f8c2467924be0ae7b5347228cabf260318753,0xedc6bacdc1e29d7c5fa6f6eca6fdd447b9c487c9,Worldcoin,WLD,120183620000000000000000,3.1958227061755213,0.0,0.0,3.1958227061755213,0.0,3.072976121112975,3.997642032377846,3.1438412259773387,1.653438467841939,725146175.3248092,10000000000.0,2317438612.3993607,31958227061.755215,33906.0,3.840855417063705e+23,2317.438612399361
2024-11-29 11:18:24,0xd700d6fa8b72713562289ed7d94f277a6e31a854ca893aadd75fd2d9e2a54a64,0xedc6bacdc1e29d7c5fa6f6eca6fdd447b9c487c9,0xbf2179859fc6d5bee9bf9158632dc51678a4100e,0xab782bc7d4a2b306825de5a7730034f8f63ee1bc,ELF,ELF,160000000000000000000000,0.5527566142209815,0.5911988988895733,-6.502428326709753,0.5377250731007073,2.795395244189991,0.5451337763387882,1.3983426111274122,0.5569684257914446,-0.7562029327745301,732639776.03419,879999999.9864658,403083855.2361319,484158524.01902246,50876.0,8.844105827535704e+22,403.0838552361319
2024-11-29 16:29:52,0x06820b688dcfd801a5733f8f98d1debda65e53496b2ad5af138ca4832a59d152,0xedc6bacdc1e29d7c5fa6f6eca6fdd447b9c487c9,0x0abdace70d3790235af448c88547603b945604ea,0xab782bc7d4a2b306825de5a7730034f8f63ee1bc,district0x,DNT,1700000000000000000000000,0.05510843794332584,0.0,0.0,0.0,0.0,0.0,0.0,0.05867417659741553,-6.077185673274121,999999998.037176,999999998.037176,55108437.83515767,55108437.83515767,41262.0,9.368434450365392e+22,55.10843783515767
2024-11-29 18:29:20,0xb6c777a770ee0417d9ba418538f72c2bc2edefbb165af0e026e24d3bbe5d3864,0xab782bc7d4a2b306825de5a7730034f8f63ee1bc,0xbe0ed4138121ecfc5c0e56b40517da27e6c5226b,0xedc6bacdc1e29d7c5fa6f6eca6fdd447b9c487c9,Aethir Token,ATH,10960994080000000000000000,0.07020999880149903,0.07043501938775208,-0.31947259787675764,0.06997869922443621,0.33052854600938986,0.06780205327925658,3.551434515301244,0.07173578087417448,-2.126947046623351,5217818110.0,41999999999.142685,365318728.70683384,2940575213.989939,44990.0,7.695713812200379e+23,365.31872870683384
2024-11-29 19:46:08,0x132af7926237e6c01047ab182808c40924948ef8b747f86ffb2bcf599324e5b7,0xedc6bacdc1e29d7c5fa6f6eca6fdd447b9c487c9,0x8de5b80a0c1b02fe4976851d030b36122dbb8624,0xab782bc7d4a2b306825de5a7730034f8f63ee1bc,VANRY,VANRY,1900000000000000000000000,0.1639345450663294,0.1639345450663294,0.0,0.16207353317476225,1.1482515714397623,0.1583130501330463,3.5508727351022396,0.15898977540978132,3.110118020988084,1532751040.0,1532751040.0,248834473.62473914,248834473.62473914,7035.0,3.1147563562602585e+23,248.83447362473913
2024-11-29 22:28:16,0x18ca05c944e8a3e68bcd6702a7a565c1b1da7af7520dd3a932c0b8b7ffbfcf36,0x6043b07645ae894876fc36885e49112d46abca97,0x36c224af80207ecaba3ee9052faaba56d1f50c18,0xedc6bacdc1e29d7c5fa6f6eca6fdd447b9c487c9,Elrond Meme,ELROND,3350000000000000000000,9.953721484014386e-07,0.0,0.0,0.0,0.0,0.0,0.0,0.0,0.0,0.0,1000000000000.0,0.0,995372.1484014386,77.0,3334496697144819.0,0.0
2024-11-29 22:32:32,0xb3353eb89dc381972ada373d5bc0656c838d09c18eb1a3bf561e8b584f42d519,0x6043b07645ae894876fc36885e49112d46abca97,0x36c224af80207ecaba3ee9052faaba56d1f50c18,0xedc6bacdc1e29d7c5fa6f6eca6fdd447b9c487c9,Elrond Meme,ELROND,3350000000000000000000,9.953721484014386e-07,0.0,0.0,0.0,0.0,0.0,0.0,0.0,0.0,0.0,1000000000000.0,0.0,995372.1484014386,77.0,3334496697144819.0,0.0
2024-11-29 22:34:40,0xf14ab9ec3a7b6aeb4e98256c6b9f51bf368daab88232aa18361d188ff84b9940,0x6043b07645ae894876fc36885e49112d46abca97,0x36c224af80207ecaba3ee9052faaba56d1f50c18,0xedc6bacdc1e29d7c5fa6f6eca6fdd447b9c487c9,Elrond Meme,ELROND,3350000000000000000000,9.953721484014386e-07,0.0,0.0,0.0,0.0,0.0,0.0,0.0,0.0,0.0,1000000000000.0,0.0,995372.1484014386,77.0,3334496697144819.0,0.0
2024-11-29 22:43:12,0x181212b255022de849ff2e95bb702cb352e43e7a84a27158f1f3f5d2c12f372d,0x6043b07645ae894876fc36885e49112d46abca97,0x36c224af80207ecaba3ee9052faaba56d1f50c18,0xedc6bacdc1e29d7c5fa6f6eca6fdd447b9c487c9,Elrond Meme,ELROND,9960000000000000000000,9.953721484014386e-07,0.0,0.0,0.0,0.0,0.0,0.0,0.0,0.0,0.0,1000000000000.0,0.0,995372.1484014386,77.0,9913906598078328.0,0.0
2024-11-29 23:51:28,0xc78abc22621aae0cfb7d35f4a165b3b6c5c620ef5f90028207cd1074902c0c42,0x12099b7b787d247cca2055bccaf00e6448084216,0x53dac5b23b3ca9a3c86aff8d0c7110fba72a9783,0xedc6bacdc1e29d7c5fa6f6eca6fdd447b9c487c9,Peanuts Brother,Wally,3350000000000000,0.0005731977407980091,0.0,0.0,0.0,0.0,0.0,0.0,0.0,0.0,0.0,1000000000.0,0.0,573197.7407980091,72.0,1920212431673.3306,0.0
2024-11-30 01:16:48,0x68adfd195687498bd40d808c95cdc5f77a9c6974bfa8b9a046719948a5206983,0x029e87052e18a259367557e1ff32880951cc7d29,0xdba22db98d9651e7d11b811476b0c7c563d7ff84,0xedc6bacdc1e29d7c5fa6f6eca6fdd447b9c487c9,Tesla AI,TESLA AI,6860000000,0.012798496210507784,0.0,0.0,0.0,0.0,0.0,0.0,0.01292934699627238,-1.0120448140367833,0.0,1000000000.0,0.0,12798496.210507784,61.0,87797684.0040834,0.0
2024-11-30 04:35:12,0x9b7844527f2bbe1ae77fa53b1ad3895407d3b53ffd31ba8b2932a66344f7e02b,0xc49d4b479ef7235e62359d1a6fe48c3f65954568,0xc7e8c1ff4afdfc47ff9885627afe9a3fa2d7c65b,0xedc6bacdc1e29d7c5fa6f6eca6fdd447b9c487c9,Nvidia AI,NVIDIA AI,523295990707607,0.004125652966631148,0.0,0.0,0.0,0.0,0.0,0.0,0.003967121999491103,3.9961202897309755,0.0,1000000000.0,0.0,4125652.966631148,51.0,2158937656489.0244,0.0
2024-11-30 13:47:44,0xc3e6f1341709f75e2769c4c264684ccabe53ffaedfd9455000e48718fd8997a7,0xab782bc7d4a2b306825de5a7730034f8f63ee1bc,0x163f8c2467924be0ae7b5347228cabf260318753,0xedc6bacdc1e29d7c5fa6f6eca6fdd447b9c487c9,Worldcoin,WLD,81337370000000000000000,3.1958227061755213,0.0,0.0,3.1958227061755213,0.0,3.072976121112975,3.997642032377846,3.1438412259773387,1.653438467841939,725146175.3248092,10000000000.0,2317438612.3993607,31958227061.755215,33906.0,2.5993981390659965e+23,2317.438612399361
2024-11-30 14:06:56,0x04ab2a2a14185ae66a84040ea083bdb1ebdf130cd888ef2fd9413ad37b032a31,0xedc6bacdc1e29d7c5fa6f6eca6fdd447b9c487c9,0x80c62fe4487e1351b47ba49809ebd60ed085bf52,0xab782bc7d4a2b306825de5a7730034f8f63ee1bc,Clover,CLV,1600000000000000000000000,0.0728778728677512,0.0,0.0,0.0,0.0,0.0,0.0,0.07424543573074154,-1.8419487333200313,120000000.0,999999995.2225775,8745344.744130144,72877872.51958281,17613.0,1.166045965884019e+23,8.745344744130144
2024-11-30 14:17:36,0xfa6551b144c17746e658e47af0fd735fac4638a2d14950f2244709c57c8a3d46,0xedc6bacdc1e29d7c5fa6f6eca6fdd447b9c487c9,0x6982508145454ce325ddbe47a25d4ec3d2311933,0xb2170202b050f0549b9d9733f8258bc917346f98,Pepe,PEPE,50000000000000000000000000000,1.9835198763558773e-05,1.9825611682170505e-05,0.048357052190661776,1.96780829891382e-05,0.7984302866661297,1.93638249854875e-05,2.434300962875624,2.0345506016798283e-05,-2.508206248682998,413772823122434.7,413772823122434.7,8210846840.939129,8210846840.939129,339015.0,9.917599381779385e+23,8210.846840939128
2024-11-30 21:30:40,0x3115cacb34d5695674a48a3c4ec339583657c60f377fd8a9f923274cada837f6,0x9008d19f58aabd9ed0d60971565aa8510560ab41,0xe3a9640f959c5aa92dbfac0073180903c30af29c,0xedc6bacdc1e29d7c5fa6f6eca6fdd447b9c487c9,Shikato Inu,SHIKATO,41333306593870609561,1.619807842084835e-07,0.0,0.0,0.0,0.0,0.0,0.0,0.0,0.0,0.0,5000000000000.0,0.0,809903.9210424175,89.0,6695201416004.844,0.0
2024-11-30 22:04:48,0x0268b25452686f58fd2a56bddaaa2708261e6f9e1faf36230f361b3bb1720eb4,0xdd4a6592b26ff63a32f90b9e28e8d9e6bb36d3c3,0x55d0c027569318f819e81718e484862e6556766a,0xedc6bacdc1e29d7c5fa6f6eca6fdd447b9c487c9,Satoshiwifhat,SIF,69453154684548452,5.818014860387209e-05,0.0,0.0,0.0,0.0,0.0,0.0,0.0,0.0,0.0,10000000000.0,0.0,581801.4860387209,71.0,4040794860554.7437,0.0
2024-11-30 22:06:56,0xf7259392ea4f994a7f713370e88f01e495d4cb111c8bf42996674924d7adda9c,0x12099b7b787d247cca2055bccaf00e6448084216,0x53dac5b23b3ca9a3c86aff8d0c7110fba72a9783,0xedc6bacdc1e29d7c5fa6f6eca6fdd447b9c487c9,Peanuts Brother,Wally,6978645897645312354,0.0005731977407980091,0.0,0.0,0.0,0.0,0.0,0.0,0.0,0.0,0.0,1000000000.0,0.0,573197.7407980091,72.0,4000144062359587.0,0.0
2024-11-30 22:06:56,0x17af08d03245e5db5e4f72eed6c7d89c4a1a4015c68f411223ecb91742beecb0,0x029e87052e18a259367557e1ff32880951cc7d29,0xdba22db98d9651e7d11b811476b0c7c563d7ff84,0xedc6bacdc1e29d7c5fa6f6eca6fdd447b9c487c9,Tesla AI,TESLA AI,4867454845125412,0.012798496210507784,0.0,0.0,0.0,0.0,0.0,0.0,0.01292934699627238,-1.0120448140367833,0.0,1000000000.0,0.0,12798496.210507784,61.0,62296102390155.336,0.0
2024-11-30 22:06:56,0xd3e9b98a653f8cf643e980bd2b143025ee586e95ee9c55649e682a2bc0de4bdb,0xc49d4b479ef7235e62359d1a6fe48c3f65954568,0xc7e8c1ff4afdfc47ff9885627afe9a3fa2d7c65b,0xedc6bacdc1e29d7c5fa6f6eca6fdd447b9c487c9,Nvidia AI,NVIDIA AI,798645879645487,0.004125652966631148,0.0,0.0,0.0,0.0,0.0,0.0,0.003967121999491103,3.9961202897309755,0.0,1000000000.0,0.0,4125652.966631148,51.0,3294935742647.146,0.0
2024-11-30 22:17:36,0x33cac3bae54374a918a3662ba85a3855305529eff837f54e42b1d0c949edbc6b,0x6b82284a0cdb7549c002bad6b639fa3c50d37bb5,0x8475ec8b519025548c2417b82aa25bf58cd72b39,0xedc6bacdc1e29d7c5fa6f6eca6fdd447b9c487c9,Dogmon,DOGMON,76453125687452,9.14672219841126e-05,0.0,0.0,0.0,0.0,0.0,0.0,0.0,0.0,0.0,1000000000.0,0.0,91467.22198411259,42.0,6992955018.633432,0.0
2024-11-30 22:17:36,0x21d9364ffafb6f9c7b7184a8d00a534ba68ffb85f561129e78d65cdb8c169bb7,0x814217be3b2ab91e47a011eee6e14c3b3fe65dad,0x37843bc944edbb0477df943d9061d359004a4e70,0xedc6bacdc1e29d7c5fa6f6eca6fdd447b9c487c9,AEROBUD,AEROBUD,978465132035687512,0.00029678228997966815,0.0,0.0,0.0,0.0,0.0,0.0,0.00023298266280306494,27.383851832156125,0.0,1000000000.0,0.0,296782.28997966816,59.0,290391122550809.7,0.0
2024-11-30 22:45:20,0x3788d1a8f843d9f410c40fa8f5d30aa589283bf816caa65f7f9ecfd0f90fc387,0xce90c4fdc8eebedb445c11d9515a49e9b6f378ca,0xe3a9640f959c5aa92dbfac0073180903c30af29c,0xedc6bacdc1e29d7c5fa6f6eca6fdd447b9c487c9,Shikato Inu,SHIKATO,9950000000000000000000,1.619807842084835e-07,0.0,0.0,0.0,0.0,0.0,0.0,0.0,0.0,0.0,5000000000000.0,0.0,809903.9210424175,89.0,1611708802874411.0,0.0
2024-11-30 22:47:28,0x300d789ea84f9c230f989a87975297c4cc4056d09dc7394bd805064ff73b7634,0xce90c4fdc8eebedb445c11d9515a49e9b6f378ca,0xe3a9640f959c5aa92dbfac0073180903c30af29c,0xedc6bacdc1e29d7c5fa6f6eca6fdd447b9c487c9,Shikato Inu,SHIKATO,8850000000000000000000,1.619807842084835e-07,0.0,0.0,0.0,0.0,0.0,0.0,0.0,0.0,0.0,5000000000000.0,0.0,809903.9210424175,89.0,1433529940245079.0,0.0
2024-12-01 00:49:04,0x0ba1c7f167ffaca3cc76369ad906c4ad03cddb537c05131218c538d272d26d37,0x029e87052e18a259367557e1ff32880951cc7d29,0xdba22db98d9651e7d11b811476b0c7c563d7ff84,0xedc6bacdc1e29d7c5fa6f6eca6fdd447b9c487c9,Tesla AI,TESLA AI,196000000000000000000,0.012798496210507784,0.0,0.0,0.0,0.0,0.0,0.0,0.01292934699627238,-1.0120448140367833,0.0,1000000000.0,0.0,12798496.210507784,61.0,2.5085052572595256e+18,0.0
2024-12-01 01:21:04,0x5e5653dc24740b7ae18f67cc4f875937fa76f6eeb89bedaf65673d9cdb8041ee,0xce90c4fdc8eebedb445c11d9515a49e9b6f378ca,0xe3a9640f959c5aa92dbfac0073180903c30af29c,0xedc6bacdc1e29d7c5fa6f6eca6fdd447b9c487c9,Shikato Inu,SHIKATO,500000000000000000000,1.619807842084835e-07,0.0,0.0,0.0,0.0,0.0,0.0,0.0,0.0,0.0,5000000000000.0,0.0,809903.9210424175,89.0,80990392104241.75,0.0
2024-12-01 01:27:28,0x326d34b2389be14498581457759f2d8f42fcb6f21a8abfbb5fa3124b9c4c490b,0xc49d4b479ef7235e62359d1a6fe48c3f65954568,0xc7e8c1ff4afdfc47ff9885627afe9a3fa2d7c65b,0xedc6bacdc1e29d7c5fa6f6eca6fdd447b9c487c9,Nvidia AI,NVIDIA AI,96300000000000000000,0.004125652966631148,0.0,0.0,0.0,0.0,0.0,0.0,0.003967121999491103,3.9961202897309755,0.0,1000000000.0,0.0,4125652.966631148,51.0,3.973003806865796e+17,0.0
2024-12-01 03:26:56,0x31054d4b5963dd7176603177e370d3d469da1a17b2fe667a966616822dda4531,0x029e87052e18a259367557e1ff32880951cc7d29,0xdba22db98d9651e7d11b811476b0c7c563d7ff84,0xedc6bacdc1e29d7c5fa6f6eca6fdd447b9c487c9,Tesla AI,TESLA AI,98865000000000000000,0.012798496210507784,0.0,0.0,0.0,0.0,0.0,0.0,0.01292934699627238,-1.0120448140367833,0.0,1000000000.0,0.0,12798496.210507784,61.0,1.265323327851852e+18,0.0
2024-12-01 04:28:48,0x2f0bd2fed7dcb10c0af4082327116caf6b5a768ee953ce6e2d96a56262fc296b,0xc49d4b479ef7235e62359d1a6fe48c3f65954568,0xc7e8c1ff4afdfc47ff9885627afe9a3fa2d7c65b,0xedc6bacdc1e29d7c5fa6f6eca6fdd447b9c487c9,Nvidia AI,NVIDIA AI,99988500000000000000,0.004125652966631148,0.0,0.0,0.0,0.0,0.0,0.0,0.003967121999491103,3.9961202897309755,0.0,1000000000.0,0.0,4125652.966631148,51.0,4.125178516539985e+17,0.0
2024-12-01 13:17:52,0x677aac4f21db2b0306fe54249c4614a6be04e4d8c7961b650beb8f9f34af8a1b,0xedc6bacdc1e29d7c5fa6f6eca6fdd447b9c487c9,0xbe0ed4138121ecfc5c0e56b40517da27e6c5226b,0xab782bc7d4a2b306825de5a7730034f8f63ee1bc,Aethir Token,ATH,2000000000000000000000000,0.07020999880149903,0.07043501938775208,-0.31947259787675764,0.06997869922443621,0.33052854600938986,0.06780205327925658,3.551434515301244,0.07173578087417448,-2.126947046623351,5217818110.0,41999999999.142685,365318728.70683384,2940575213.989939,44990.0,1.4041999760299805e+23,365.31872870683384
2024-12-01 13:24:16,0xd33052befb920daaa8e6538f27c343aa2bb946cf9d3d4d961da8faf11730ea2a,0xedc6bacdc1e29d7c5fa6f6eca6fdd447b9c487c9,0xbf2179859fc6d5bee9bf9158632dc51678a4100e,0xab782bc7d4a2b306825de5a7730034f8f63ee1bc,ELF,ELF,70000000000000000000000,0.5527566142209815,0.5911988988895733,-6.502428326709753,0.5377250731007073,2.795395244189991,0.5451337763387882,1.3983426111274122,0.5569684257914446,-0.7562029327745301,732639776.03419,879999999.9864658,403083855.2361319,484158524.01902246,50876.0,3.869296299546871e+22,403.0838552361319
2024-12-01 13:30:40,0x090c93a93163874f42f25117d996c3e1090614bfb90f385226b7105502166daf,0xedc6bacdc1e29d7c5fa6f6eca6fdd447b9c487c9,0xa62cc35625b0c8dc1faea39d33625bb4c15bd71c,0xab782bc7d4a2b306825de5a7730034f8f63ee1bc,StormX,STMX,6000000000000000000000000,0.007861679077047897,0.0,0.0,0.0,0.0,0.008184958919361109,-3.9496819165275143,0.0077392206522540865,1.5823095153404632,12315847710.636114,12499999999.999998,96823242.26281619,98270988.4630987,11889.0,4.7170074462287385e+22,96.8232422628162
2024-12-01 13:34:56,0x1d156773ca88abc7ff72369cc465a0a6ca352adff0231f1a947a3d1367a60d4b,0xedc6bacdc1e29d7c5fa6f6eca6fdd447b9c487c9,0x8de5b80a0c1b02fe4976851d030b36122dbb8624,0xab782bc7d4a2b306825de5a7730034f8f63ee1bc,VANRY,VANRY,750000000000000000000000,0.1639345450663294,0.1639345450663294,0.0,0.16207353317476225,1.1482515714397623,0.1583130501330463,3.5508727351022396,0.15898977540978132,3.110118020988084,1532751040.0,1532751040.0,248834473.62473914,248834473.62473914,7035.0,1.2295090879974705e+23,248.83447362473913
2024-12-01 13:47:44,0xbdfad14fb8f0cd032e28bd8d6141b769dab25d5b213e260d9fba8d663d0be61f,0xedc6bacdc1e29d7c5fa6f6eca6fdd447b9c487c9,0x7fc66500c84a76ad7e9c93437bfc5ac33e2ddae9,0xab782bc7d4a2b306825de5a7730034f8f63ee1bc,Aave Token,AAVE,450000000000000000000,237.65715432459584,0.0,0.0,236.1410809487284,0.6420201727613151,226.9503819593056,4.717671004938029,234.11907583478333,1.5112303331956234,15006373.80221385,15999999.742063696,3566372094.565309,3802514407.893125,172856.0,1.0694571944606812e+23,3566.372094565309
2024-12-01 13:49:52,0x37a274aec40499046244558f00fbf30cde56de514fd6c9d6f52bee23e430c54f,0xab782bc7d4a2b306825de5a7730034f8f63ee1bc,0x163f8c2467924be0ae7b5347228cabf260318753,0xedc6bacdc1e29d7c5fa6f6eca6fdd447b9c487c9,Worldcoin,WLD,84192660000000000000000,3.1958227061755213,0.0,0.0,3.1958227061755213,0.0,3.072976121112975,3.997642032377846,3.1438412259773387,1.653438467841939,725146175.3248092,10000000000.0,2317438612.3993607,31958227061.755215,33906.0,2.6906481452131554e+23,2317.438612399361
2024-12-01 13:58:24,0x9fa51a845859069244516e12de68c8f4f9c7284765cbbad19a56cba5b2796506,0xedc6bacdc1e29d7c5fa6f6eca6fdd447b9c487c9,0x320623b8e4ff03373931769a31fc52a4e78b5d70,0xab782bc7d4a2b306825de5a7730034f8f63ee1bc,Reserve Rights,RSR,12000000000000000000000000,0.02166178244152067,0.0,0.0,0.02117985840774872,2.2753883642377737,0.016642550670965258,30.159029524915383,0.009718094958772938,122.90153094219005,53291915404.0,99999999999.99931,1148410887.419424,2154943913.562578,23482.0,2.5994138929824806e+23,1148.410887419424
2024-12-01 16:40:32,0xf67b4c93b48dfa77021e63e6b752a5f5ffe60c807d232d211f227153c448307b,0xab782bc7d4a2b306825de5a7730034f8f63ee1bc,0x628a3b2e302c7e896acc432d2d0dd22b6cb9bc88,0xedc6bacdc1e29d7c5fa6f6eca6fdd447b9c487c9,LimeWire Token,LMWR,895693470000000000000000,0.33991483204914086,0.0,0.0,0.3445314128815227,-1.3399593360067352,0.3439852477883662,-1.1833111348221625,0.3458987123579762,-1.7299516000055304,308742216.61402553,726378601.0,104946058.70683596,246906860.1630049,11304.0,3.044594954225622e+23,104.94605870683596
2024-12-01 21:39:12,0xe8a0758692fd05b2c1f30166a83941de82e330c5b0cff33fa0acd2df41a655ac,0xde365599af4132a4a0f1db5015eb85f0b293b0af,0x78457e3d787c0afea00fb6306f040b476a9393cf,0xedc6bacdc1e29d7c5fa6f6eca6fdd447b9c487c9,Neuron AI,NEURON,3300000000000000,0.10090191037856275,0.0,0.0,0.0,0.0,0.0,0.0,0.0,0.0,0.0,10000000.0,0.0,1009019.1037856275,64.0,332976304249257.06,0.0
2024-12-01 22:43:12,0xbdc3cc8da979fbe4ff662965f4d4ebb08c5d2d692d8c18f9d001bdf49d8df8f2,0xedc6bacdc1e29d7c5fa6f6eca6fdd447b9c487c9,0xcf0c122c6b73ff809c693db761e7baebe62b6a2e,0xab782bc7d4a2b306825de5a7730034f8f63ee1bc,FLOKI,FLOKI,2000000000000000000,0.00022053925936390623,0.0,0.0,0.00021793807058702303,1.1935449230493944,0.0002164935290030769,1.8687534816672624,0.0002226903225605397,-0.965943724855256,5549952499869.45,5549952499869.45,1222708704.7516553,1222708704.7516553,85494.0,441078518727812.44,1222.7087047516554
2024-12-01 23:28:00,0x6e24e3475e7e6c03d01162e231e36f7d5e26303fb25e9c8fb95a5ca6cd3375ba,0x029e87052e18a259367557e1ff32880951cc7d29,0xdba22db98d9651e7d11b811476b0c7c563d7ff84,0xedc6bacdc1e29d7c5fa6f6eca6fdd447b9c487c9,Tesla AI,TESLA AI,65770000000000000000,0.012798496210507784,0.0,0.0,0.0,0.0,0.0,0.0,0.01292934699627238,-1.0120448140367833,0.0,1000000000.0,0.0,12798496.210507784,61.0,8.41757095765097e+17,0.0
2024-12-02 00:14:56,0x5874304812b099d7bec81846debab608eb96481d174f747a27f8096405dbe975,0xde365599af4132a4a0f1db5015eb85f0b293b0af,0x78457e3d787c0afea00fb6306f040b476a9393cf,0xedc6bacdc1e29d7c5fa6f6eca6fdd447b9c487c9,Neuron AI,NEURON,6500000000000000,0.10090191037856275,0.0,0.0,0.0,0.0,0.0,0.0,0.0,0.0,0.0,10000000.0,0.0,1009019.1037856275,64.0,655862417460657.9,0.0
2024-12-02 00:17:04,0x70cd53dd1cdad44b05a69f7d2ffecb492373d62558013964b2e007d3711f37a9,0xde365599af4132a4a0f1db5015eb85f0b293b0af,0x78457e3d787c0afea00fb6306f040b476a9393cf,0xedc6bacdc1e29d7c5fa6f6eca6fdd447b9c487c9,Neuron AI,NEURON,77600000000000000,0.10090191037856275,0.0,0.0,0.0,0.0,0.0,0.0,0.0,0.0,0.0,10000000.0,0.0,1009019.1037856275,64.0,7829988245376469.0,0.0
2024-12-02 00:21:20,0x3d3050b0d18a887fda58df3965242d842f77cc937ad325ac9933454aabd0d21f,0xb6192bc04c154cb988237ba4623b86844e6e00ba,0x1bdf90b9fd1c17146aa26f24cee5094b60b2b660,0xedc6bacdc1e29d7c5fa6f6eca6fdd447b9c487c9,Open AI,OPEN AI,66690000000000000000,0.0013754452582397886,0.0,0.0,0.0,0.0,0.0,0.0,0.0010848180805865348,26.790406875973048,0.0,1000000000.0,0.0,1375445.2582397887,41.0,9.17284442720115e+16,0.0
2024-12-02 02:50:40,0x42c8bec9bb459fc120de2c7f4d690131473e42bdbd40885009b4e5867bcfa411,0xdd4a6592b26ff63a32f90b9e28e8d9e6bb36d3c3,0x55d0c027569318f819e81718e484862e6556766a,0xedc6bacdc1e29d7c5fa6f6eca6fdd447b9c487c9,Satoshiwifhat,SIF,55555000000000000000,5.818014860387209e-05,0.0,0.0,0.0,0.0,0.0,0.0,0.0,0.0,0.0,10000000000.0,0.0,581801.4860387209,71.0,3232198155688114.0,0.0
2024-12-02 08:23:28,0xd7c2538c898af4f8af75978bb56675ee684eac9f46cd9b60ce64e2304731e471,0xedc6bacdc1e29d7c5fa6f6eca6fdd447b9c487c9,0xd533a949740bb3306d119cc777fa900ba034cd52,0xab782bc7d4a2b306825de5a7730034f8f63ee1bc,Curve DAO Token,CRV,1600000000000000000000000,0.8696274550445978,0.8696274550445978,0.0,0.8524085300571277,2.0200319893931784,0.9007818851652303,-3.4585986500958343,0.7390555163981788,17.667405999858765,1244981340.0,2198849808.520282,1072219345.6365875,1893722602.175509,88491.0,1.3914039280713564e+24,1072.2193456365876
2024-12-02 09:10:24,0xe8362457c6ba63e84b34e23b4de3ababcc8ff9c393670a6b0d3d0404a7b457b4,0xedc6bacdc1e29d7c5fa6f6eca6fdd447b9c487c9,0xbf2179859fc6d5bee9bf9158632dc51678a4100e,0xab782bc7d4a2b306825de5a7730034f8f63ee1bc,ELF,ELF,250000000000000000000000,0.5527566142209815,0.5911988988895733,-6.502428326709753,0.5377250731007073,2.795395244189991,0.5451337763387882,1.3983426111274122,0.5569684257914446,-0.7562029327745301,732639776.03419,879999999.9864658,403083855.2361319,484158524.01902246,50876.0,1.3818915355524539e+23,403.0838552361319
2024-12-02 10:20:48,0xfc942663527d29df8f55c13b8046770c0e572e0fab3e7ac3157d43b29b628840,0xedc6bacdc1e29d7c5fa6f6eca6fdd447b9c487c9,0xbe0ed4138121ecfc5c0e56b40517da27e6c5226b,0xab782bc7d4a2b306825de5a7730034f8f63ee1bc,Aethir Token,ATH,1400000000000000000000000,0.07020999880149903,0.07043501938775208,-0.31947259787675764,0.06997869922443621,0.33052854600938986,0.06780205327925658,3.551434515301244,0.07173578087417448,-2.126947046623351,5217818110.0,41999999999.142685,365318728.70683384,2940575213.989939,44990.0,9.829399832209865e+22,365.31872870683384
2024-12-02 10:22:56,0x96ce2fe7bfdfb36fc55465980508ac820471ab27fe5416fb05683e03dfcd45a7,0xedc6bacdc1e29d7c5fa6f6eca6fdd447b9c487c9,0xbe0ed4138121ecfc5c0e56b40517da27e6c5226b,0xab782bc7d4a2b306825de5a7730034f8f63ee1bc,Aethir Token,ATH,5000000000000000000000000,0.07020999880149903,0.07043501938775208,-0.31947259787675764,0.06997869922443621,0.33052854600938986,0.06780205327925658,3.551434515301244,0.07173578087417448,-2.126947046623351,5217818110.0,41999999999.142685,365318728.70683384,2940575213.989939,44990.0,3.5104999400749515e+23,365.31872870683384
2024-12-02 10:35:44,0x2000f6716e94ce4018e3e16dba55eaab45054ac1be3a80222ca29f9887b7a312,0xedc6bacdc1e29d7c5fa6f6eca6fdd447b9c487c9,0x6982508145454ce325ddbe47a25d4ec3d2311933,0xb2170202b050f0549b9d9733f8258bc917346f98,Pepe,PEPE,90000000000000000000000000000,1.9835198763558773e-05,1.9825611682170505e-05,0.048357052190661776,1.96780829891382e-05,0.7984302866661297,1.93638249854875e-05,2.434300962875624,2.0345506016798283e-05,-2.508206248682998,413772823122434.7,413772823122434.7,8210846840.939129,8210846840.939129,339015.0,1.7851678887202894e+24,8210.846840939128
2024-12-02 12:43:44,0x7538d029cda8322f5e4a02afb4d069479b33f782a7133f7ab7384e41ff37e84b,0xb2170202b050f0549b9d9733f8258bc917346f98,0x6982508145454ce325ddbe47a25d4ec3d2311933,0xedc6bacdc1e29d7c5fa6f6eca6fdd447b9c487c9,Pepe,PEPE,20683889180430000000000000000,1.9835198763558773e-05,1.9825611682170505e-05,0.048357052190661776,1.96780829891382e-05,0.7984302866661297,1.93638249854875e-05,2.434300962875624,2.0345506016798283e-05,-2.508206248682998,413772823122434.7,413772823122434.7,8210846840.939129,8210846840.939129,339015.0,4.102690530972518e+23,8210.846840939128
2024-12-02 12:48:00,0x54d91aabebb8c6d6148c8225d2a5b7d876c7a2672ce6385e2494c09cb72c41d6,0xedc6bacdc1e29d7c5fa6f6eca6fdd447b9c487c9,0xdefa4e8a7bcba345f687a2f1456f5edd9ce97202,0xab782bc7d4a2b306825de5a7730034f8f63ee1bc,Kyber Network Crystal v2,KNC,20000000000000000000000,0.7399515592658341,0.0,0.0,0.0,0.0,0.0,0.0,0.7035429185534758,5.175041884753306,185874985.0,239504640.2719238,137538484.9792635,177221832.02061272,17947.0,1.4799031185316682e+22,137.5384849792635
2024-12-02 16:51:12,0x0679b7eed94aba9ec55deb0776e2150037c61899944165692e05e3d534739b08,0xedc6bacdc1e29d7c5fa6f6eca6fdd447b9c487c9,0x24fcfc492c1393274b6bcd568ac9e225bec93584,0xab782bc7d4a2b306825de5a7730034f8f63ee1bc,Heroes of Mavia,MAVIA,50000000000000000000000,2.1868529942408896,2.1868529942408896,0.0,2.124348084070851,2.942310191005104,2.0665206574163935,5.822943815859949,2.097121345113752,4.278801001964472,31531000.0,250000000.0,68767747.26772733,545239187.3689967,36160.0,1.0934264971204448e+23,68.76774726772733
2024-12-02 17:12:32,0x177e485983418152989cae44c1047a992d06545298f18d2779499d1baee36dc3,0xedc6bacdc1e29d7c5fa6f6eca6fdd447b9c487c9,0xcf0c122c6b73ff809c693db761e7baebe62b6a2e,0xab782bc7d4a2b306825de5a7730034f8f63ee1bc,FLOKI,FLOKI,3500000000000000000,0.00022053925936390623,0.0,0.0,0.00021793807058702303,1.1935449230493944,0.0002164935290030769,1.8687534816672624,0.0002226903225605397,-0.965943724855256,5549952499869.45,5549952499869.45,1222708704.7516553,1222708704.7516553,85494.0,771887407773671.8,1222.7087047516554
2024-12-02 17:23:12,0xfa866c6d8fcaa085fd3bc331cd91b1d58b6603f7d5ba8ed0f71349bb51e1e06d,0xedc6bacdc1e29d7c5fa6f6eca6fdd447b9c487c9,0x514910771af9ca656af840dff83e8264ecf986ca,0xb2170202b050f0549b9d9733f8258bc917346f98,ChainLink Token,LINK,25000000000000000000000,24.767744200414516,0.0,0.0,24.3527070168321,1.7042753534362687,23.416595358239288,5.770048213690537,24.671342922690506,0.3907419147230362,626849970.4527867,999999992.8612912,15514796104.288763,24750413535.676636,724174.0,6.191936050103628e+23,15514.796104288764
2024-12-02 17:27:28,0x4e158e65199cdb617f1256da6b6286e966d62ac49a05addc339d90844591d88b,0xedc6bacdc1e29d7c5fa6f6eca6fdd447b9c487c9,0xa35923162c49cf95e6bf26623385eb431ad920d3,0xab782bc7d4a2b306825de5a7730034f8f63ee1bc,Turbo,TURBO,11000000000000000000000000,0.007561746269382642,0.0,0.0,0.007420920391506562,1.8976874895095142,0.007120693741854656,6.193954458896722,0.007204490926508757,4.958786769504742,68999999580.0,68999999580.0,521760489.41146886,521760489.41146886,44334.0,8.317920896320906e+22,521.7604894114688
2024-12-02 17:29:36,0x98b4277d5eb0dff68864dbb8cf4b35d6147aa3468b7900e966a325a0c238abcd,0xedc6bacdc1e29d7c5fa6f6eca6fdd447b9c487c9,0x80c62fe4487e1351b47ba49809ebd60ed085bf52,0xab782bc7d4a2b306825de5a7730034f8f63ee1bc,Clover,CLV,1800000000000000000000000,0.0728778728677512,0.0,0.0,0.0,0.0,0.0,0.0,0.07424543573074154,-1.8419487333200313,120000000.0,999999995.2225775,8745344.744130144,72877872.51958281,17613.0,1.3118017116195215e+23,8.745344744130144
2024-12-02 17:31:44,0x5b9c477874f6bf4d805baa6b2382ad45c0e3c1fabc94678aba2cc40d0166b16b,0xedc6bacdc1e29d7c5fa6f6eca6fdd447b9c487c9,0x8f8221afbb33998d8584a2b05749ba73c37a938a,0xab782bc7d4a2b306825de5a7730034f8f63ee1bc,Request,REQ,300000000000000000000000,0.135606569388824,0.0,0.0,0.0,0.0,0.0,0.0,0.135606569388824,0.0,769291230.821292,999524613.3878553,104320944.67258137,135542103.8412177,42469.0,4.06819708166472e+22,104.32094467258138
2024-12-02 20:03:12,0x379a9ca6e0a2dc29db0bc7fba726b80a49752d323ddce213f63d813429838015,0xcddac15fb6d70ebad5bf69384081542e5e2701d3,0xd533a949740bb3306d119cc777fa900ba034cd52,0xedc6bacdc1e29d7c5fa6f6eca6fdd447b9c487c9,Curve DAO Token,CRV,3000000000000000000000000,0.8696274550445978,0.8696274550445978,0.0,0.8524085300571277,2.0200319893931784,0.9007818851652303,-3.4585986500958343,0.7390555163981788,17.667405999858765,1244981340.0,2198849808.520282,1072219345.6365875,1893722602.175509,88491.0,2.6088823651337935e+24,1072.2193456365876
2024-12-02 20:48:00,0x8f3f361819df5a43ba365f15a1462f709251ad6bbf5825ec0d13469778094e8d,0xedc6bacdc1e29d7c5fa6f6eca6fdd447b9c487c9,0xd533a949740bb3306d119cc777fa900ba034cd52,0xab782bc7d4a2b306825de5a7730034f8f63ee1bc,Curve DAO Token,CRV,1100000000000000000000000,0.8696274550445978,0.8696274550445978,0.0,0.8524085300571277,2.0200319893931784,0.9007818851652303,-3.4585986500958343,0.7390555163981788,17.667405999858765,1244981340.0,2198849808.520282,1072219345.6365875,1893722602.175509,88491.0,9.565902005490576e+23,1072.2193456365876
2024-12-02 21:45:36,0xc6b9eb1076047bdc1e403459d233d12d4ac2262bb18cb21c2bd0bc4cac895eee,0xab782bc7d4a2b306825de5a7730034f8f63ee1bc,0x8de5b80a0c1b02fe4976851d030b36122dbb8624,0xedc6bacdc1e29d7c5fa6f6eca6fdd447b9c487c9,VANRY,VANRY,3347173150000000000000000,0.1639345450663294,0.1639345450663294,0.0,0.16207353317476225,1.1482515714397623,0.1583130501330463,3.5508727351022396,0.15898977540978132,3.110118020988084,1532751040.0,1532751040.0,248834473.62473914,248834473.62473914,7035.0,5.487173076034828e+23,248.83447362473913
2024-12-02 21:49:52,0xdcd5aa38d4f7620e267e7d53ecb8be5507a413045b5f165d5f925b195dbb3a35,0xedc6bacdc1e29d7c5fa6f6eca6fdd447b9c487c9,0x514910771af9ca656af840dff83e8264ecf986ca,0xb2170202b050f0549b9d9733f8258bc917346f98,ChainLink Token,LINK,47000000000000000000000,24.767744200414516,0.0,0.0,24.3527070168321,1.7042753534362687,23.416595358239288,5.770048213690537,24.671342922690506,0.3907419147230362,626849970.4527867,999999992.8612912,15514796104.288763,24750413535.676636,724174.0,1.1640839774194822e+24,15514.796104288764
2024-12-03 06:34:40,0xe19727f139f5af8f944ea4ba6882f0b669f55de62e5ed3becc769a14a336206e,0xab782bc7d4a2b306825de5a7730034f8f63ee1bc,0x0f2d719407fdbeff09d87557abb7232601fd9f29,0xedc6bacdc1e29d7c5fa6f6eca6fdd447b9c487c9,Synapse,SYN,340422660000000000000000,0.7623984050491479,0.7614125329601197,0.1294793618901391,0.7440366623099246,2.467854565421246,0.6995224742519691,8.988407536786426,0.7245492455057366,5.223821538450779,180209601.0,212758424.91858345,135777806.15885586,160301515.66263613,8173.0,2.5953769302658836e+23,135.77780615885587
2024-12-03 08:38:24,0x8fdaf3c0c00815be1d4810e296718f5b5491da3fb8c53d7e67b37099077b9eb8,0xab782bc7d4a2b306825de5a7730034f8f63ee1bc,0xcf0c122c6b73ff809c693db761e7baebe62b6a2e,0xedc6bacdc1e29d7c5fa6f6eca6fdd447b9c487c9,FLOKI,FLOKI,1257202720240000000,0.00022053925936390623,0.0,0.0,0.00021793807058702303,1.1935449230493944,0.0002164935290030769,1.8687534816672624,0.0002226903225605397,-0.965943724855256,5549952499869.45,5549952499869.45,1222708704.7516553,1222708704.7516553,85494.0,277262556792017.8,1222.7087047516554
2024-12-03 10:42:08,0x1c65459f3ec1d2028f48c999d7d66e024152f1a697d018653c49438d623a42da,0xab782bc7d4a2b306825de5a7730034f8f63ee1bc,0x1bbe973bef3a977fc51cbed703e8ffdefe001fed,0xedc6bacdc1e29d7c5fa6f6eca6fdd447b9c487c9,PORTAL,PORTAL,600629560000000000000000,0.5039576241799774,0.5039576241799774,0.0,0.49675299245516946,1.4503449066707086,0.45209738726108134,11.47103221124064,0.4519165935068753,11.515627312832976,190832644.7012953,190832644.7012953,95893086.61191913,95893086.61191913,21111.0,3.0269184606986517e+23,95.89308661191913
2024-12-03 12:43:44,0x4d95cc89f8e413a0fb50514f8128ac3f13e82fd9510c61f118dc7544c39b4923,0xb2170202b050f0549b9d9733f8258bc917346f98,0x6982508145454ce325ddbe47a25d4ec3d2311933,0xedc6bacdc1e29d7c5fa6f6eca6fdd447b9c487c9,Pepe,PEPE,45308077031390000000000000000,1.9835198763558773e-05,1.9825611682170505e-05,0.048357052190661776,1.96780829891382e-05,0.7984302866661297,1.93638249854875e-05,2.434300962875624,2.0345506016798283e-05,-2.508206248682998,413772823122434.7,413772823122434.7,8210846840.939129,8210846840.939129,339015.0,8.986947135122525e+23,8210.846840939128
2024-12-03 15:08:48,0xdc3c94f965791fc81820fa7f1ea51c06978256495af6e93b98aa6cccffbe00be,0xedc6bacdc1e29d7c5fa6f6eca6fdd447b9c487c9,0x7420b4b9a0110cdc71fb720908340c03f9bc03ec,0xab782bc7d4a2b306825de5a7730034f8f63ee1bc,JasmyCoin,JASMY,21500000000000000000000000,0.040854534023496814,0.04079330122013382,0.15010504551362658,0.041742372175677916,-2.1269470466233398,0.0366613556891956,11.437597588724667,0.029884305445875524,36.708996290677874,49394999677.16958,49999999684.99999,2031371937.685589,2056252594.5585215,78612.0,8.783724815051815e+23,2031.371937685589
2024-12-03 15:21:36,0x3f9d5ad910e80effa086c926d752e4ecc652a39d55dee2b2f8b89502c3ed5921,0xedc6bacdc1e29d7c5fa6f6eca6fdd447b9c487c9,0x320623b8e4ff03373931769a31fc52a4e78b5d70,0xab782bc7d4a2b306825de5a7730034f8f63ee1bc,Reserve Rights,RSR,52000000000000000000000000,0.02166178244152067,0.0,0.0,0.02117985840774872,2.2753883642377737,0.016642550670965258,30.159029524915383,0.009718094958772938,122.90153094219005,53291915404.0,99999999999.99931,1148410887.419424,2154943913.562578,23482.0,1.1264126869590748e+24,1148.410887419424
2024-12-03 15:49:20,0xa5d3a7d582c0534a7b63a6f48cc0c09b70a3d9ed0a88643508ed63500f7bf27e,0xab782bc7d4a2b306825de5a7730034f8f63ee1bc,0x163f8c2467924be0ae7b5347228cabf260318753,0xedc6bacdc1e29d7c5fa6f6eca6fdd447b9c487c9,Worldcoin,WLD,87244250000000000000000,3.1958227061755213,0.0,0.0,3.1958227061755213,0.0,3.072976121112975,3.997642032377846,3.1438412259773387,1.653438467841939,725146175.3248092,10000000000.0,2317438612.3993607,31958227061.755215,33906.0,2.7881715513325374e+23,2317.438612399361
2024-12-03 16:04:16,0xf2587fef1cb26f5ff2bbd1ed69e113645fbad9b5fe5be9c5ed7fb332756573bf,0xedc6bacdc1e29d7c5fa6f6eca6fdd447b9c487c9,0x720cd16b011b987da3518fbf38c3071d4f0d1495,0xab782bc7d4a2b306825de5a7730034f8f63ee1bc,Flux,FLUX,7000000000000,4.410638266811531e+31,0.0,0.0,0.0,0.0,0.0,0.0,0.0,0.0,0.0,440000000.0,0.0,1.9406808373970736e+40,10649.0,3.0874467867680718e+44,0.0
2024-12-03 16:10:40,0xe3ccea13e1438d4a6e5d2c7f34ea91c56e4448f5002055c21422d406de073178,0xedc6bacdc1e29d7c5fa6f6eca6fdd447b9c487c9,0x514910771af9ca656af840dff83e8264ecf986ca,0xb2170202b050f0549b9d9733f8258bc917346f98,ChainLink Token,LINK,60000000000000000000000,24.767744200414516,0.0,0.0,24.3527070168321,1.7042753534362687,23.416595358239288,5.770048213690537,24.671342922690506,0.3907419147230362,626849970.4527867,999999992.8612912,15514796104.288763,24750413535.676636,724174.0,1.486064652024871e+24,15514.796104288764
2024-12-03 19:09:52,0x30fb5fd5d9142b987c0b7bc27c9bfc1fd344682caf00239a6037c844947c58f6,0xab782bc7d4a2b306825de5a7730034f8f63ee1bc,0x8ab7404063ec4dbcfd4598215992dc3f8ec853d7,0xedc6bacdc1e29d7c5fa6f6eca6fdd447b9c487c9,Akropolis,AKRO,74777729830000000000000000,0.005506971124332519,0.00564560969551293,-2.4556882012335857,0.005795364794015405,-4.976281561787044,0.005136727169575692,7.207779244140977,0.004812892775334658,14.421230253765627,6132293995.0,14999999964.513071,33846395.51002203,82790540.02681191,17201.0,4.117987989169485e+23,33.84639551002203
